Node_with_Module,Node,Module,X,Y,Z,Neighbor_Nodes,Bars,Physical_Bars,Physical_Nodes,Ground
PIE-1,PIE,1,18.90968059,136.201273,-30.11467737,HOW_NIX_RAD_RUM_SPY,HOW-PIE_NIX-PIE_PIE-RAD_PIE-RUM_PIE-SPY,HOW-PIE-1_NIX-PIE-1_PIE-RAD-1_PIE-SPY-1_PIE-RUM-1,HOW-1_NIX-1_RAD-1_SPY-1_RUM-5,1
PIG-13,PIG,13,5.820940594,-117.48782,33.97493563,EGG_GOO_HOT_LIE_MOO,EGG-PIG_GOO-PIG_HOT-PIG_LIE-PIG_MOO-PIG,EGG-PIG-10_GOO-PIG-10_MOO-PIG-10_GOO-PIG-13_HOT-PIG-13_LIE-PIG-13,EGG-10_GOO-10_MOO-10_GOO-13_HOT-13_LIE-13,0
VOW-6,VOW,6,-65.23407541,67.63065498,28.89226863,DRY_FUN_OIL_REF_ZZZ,DRY-VOW_FUN-VOW_OIL-VOW_REF-VOW_VOW-ZZZ,DRY-VOW-5_FUN-VOW-5_OIL-VOW-5_REF-VOW-5_VOW-ZZZ-6,DRY-5_FUN-5_OIL-5_REF-5_ZZZ-6,0
SEX-8,SEX,8,61.78807259,-114.597803,-21.04072737,AMP_EAR_PHI_ROB_SAW,AMP-SEX_EAR-SEX_PHI-SEX_ROB-SEX_SAW-SEX,AMP-SEX-10_EAR-SEX-10_ROB-SEX-10_AMP-SEX-8_PHI-SEX-8_SAW-SEX-8,AMP-10_EAR-10_ROB-10_AMP-8_PHI-8_SAW-8,0
VOW-5,VOW,6,-62.43054341,69.62542098,26.85238563,DRY_FUN_OIL_REF_ZZZ,DRY-VOW_FUN-VOW_OIL-VOW_REF-VOW_VOW-ZZZ,DRY-VOW-5_FUN-VOW-5_OIL-VOW-5_REF-VOW-5_VOW-ZZZ-6,DRY-5_FUN-5_OIL-5_REF-5_ZZZ-6,0
COY-12,COY,9,-80.29390641,-50.00527902,1.984625628,AGE_CHI_NOR_MAD,AGE-COY_CHI-COY_COY-NOR_COY-MAD,COY-NOR-12_COY-MAD-12_AGE-COY-9_CHI-COY-9_COY-NOR-9,NOR-12_MAD-12_AGE-9_CHI-9_NOR-9,0
AHI-7,AHI,7,39.02183059,34.45504998,64.71688063,NIL_YES_IRE_JUG,AHI-NIL_AHI-YES_AHI-IRE_AHI-JUG,AHI-NIL-7_AHI-YES-7_AHI-IRE-7_AHI-JUG-7,NIL-7_YES-7_IRE-7_JUG-6,0
TRY-6,TRY,6,-39.11595341,-19.65037802,71.77933563,ACT_DUH_FOG_LAM_TAU,ACT-TRY_DUH-TRY_FOG-TRY_LAM-TRY_TAU-TRY,ACT-TRY-6_DUH-TRY-6_FOG-TRY-6_TAU-TRY-6_LAM-TRY-12,ACT-6_DUH-6_FOG-6_TAU-6_LAM-12,0
DUB-5,DUB,5,40.70018759,99.97916498,31.93446463,ARM_TOY_WAR_WET,ARM-DUB_DUB-TOY_DUB-WAR_DUB-WET,ARM-DUB-1_DUB-WAR-1_DUB-WET-1_DUB-TOY-5_DUB-WAR-5,ARM-1_WAR-1_WET-1_TOY-5_WAR-5,0
EGG-10,EGG,10,4.830568594,-149.573482,21.92542263,ALL_PIG_FOR_MOO,ALL-EGG_EGG-PIG_EGG-FOR_EGG-MOO,ALL-EGG-10_EGG-PIG-10_EGG-FOR-10_EGG-MOO-10,ALL-10_PIG-10_FOR-10_MOO-10,0
DUB-1,DUB,5,43.10971859,102.496384,29.54441263,ARM_TOY_WAR_WET,ARM-DUB_DUB-TOY_DUB-WAR_DUB-WET,ARM-DUB-1_DUB-WAR-1_DUB-WET-1_DUB-TOY-5_DUB-WAR-5,ARM-1_WAR-1_WET-1_TOY-5_WAR-5,0
BAR-4,BAR,9,-107.2781254,-27.39621002,-61.13785137,AGE_FLU_ONO,AGE-BAR_BAR-FLU_BAR-ONO,BAR-FLU-4_AGE-BAR-9_BAR-ONO-9,FLU-4_AGE-9_ONO-9,0
FIX-11,FIX,7,74.09911959,-9.163696017,23.39753763,AIR_EYE_MAC_ODD_POP,AIR-FIX_EYE-FIX_FIX-MAC_FIX-ODD_FIX-POP,AIR-FIX-11_FIX-MAC-11_FIX-ODD-11_EYE-FIX-7_FIX-MAC-7_FIX-POP-7,AIR-11_MAC-11_ODD-11_EYE-7_MAC-7_POP-7,0
VAN-4,VAN,4,-112.5420554,21.71477298,-72.36783537,BOX_CUP_FLU_HUG,BOX-VAN_CUP-VAN_FLU-VAN_HUG-VAN,BOX-VAN-4_CUP-VAN-4_FLU-VAN-4_HUG-VAN-4,BOX-4_CUP-4_FLU-4_HUG-4,0
FLY-3,FLY,5,-84.06863141,96.82086198,-1.491527372,AGO_ALA_DRY_OAR_WIZ,AGO-FLY_ALA-FLY_DRY-FLY_FLY-OAR_FLY-WIZ,AGO-FLY-3_ALA-FLY-3_FLY-OAR-3_DRY-FLY-5_FLY-WIZ-5,AGO-3_ALA-3_OAR-3_DRY-5_WIZ-4,0
FLY-5,FLY,5,-82.18924841,94.36766498,1.048107628,AGO_ALA_DRY_OAR_WIZ,AGO-FLY_ALA-FLY_DRY-FLY_FLY-OAR_FLY-WIZ,AGO-FLY-3_ALA-FLY-3_FLY-OAR-3_DRY-FLY-5_FLY-WIZ-5,AGO-3_ALA-3_OAR-3_DRY-5_WIZ-4,0
OFF-2,OFF,2,79.07137459,60.63561298,-81.79092937,ASK_CIS_FRO_WHO_TAG_ORC,ASK-OFF_CIS-OFF_FRO-OFF_OFF-WHO_OFF-TAG_OFF-ORC,ASK-OFF-2_CIS-OFF-2_OFF-TAG-2_OFF-ORC-2_FRO-OFF-1_OFF-WHO-2,ASK-2_CIS-2_TAG-2_ORC-2_FRO-1_WHO-1,1
YES-7,YES,7,54.23545259,26.39750798,41.98318563,ACE_AHI_EON_GIG_NIL,ACE-YES_AHI-YES_EON-YES_GIG-YES_NIL-YES,ACE-YES-7_AHI-YES-7_EON-YES-7_NIL-YES-7_GIG-YES-14,ACE-7_AHI-7_EON-7_NIL-7_GIG-14,0
ASK-2,ASK,2,100.5588706,65.11660398,-67.54861437,FRO_ORC_GUN_OFF,ASK-FRO_ASK-ORC_ASK-GUN_ASK-OFF,ASK-ORC-2_ASK-GUN-2_ASK-OFF-2_ASK-FRO-2,ORC-2_GUN-2_OFF-2_FRO-1,0
INK-3,INK,3,-53.10752641,133.549724,-22.66342337,ALA_MAY_RUM_OIL_SHY,ALA-INK_INK-MAY_INK-RUM_INK-OIL_INK-SHY,ALA-INK-3_INK-MAY-3_INK-RUM-3_INK-OIL-3_INK-SHY-3,ALA-3_MAY-3_RUM-3_OIL-3_SHY-5,0
ICE-6,ICE,6,-101.6621224,2.311318983,18.75995663,GIN_HAM_MAD,GIN-ICE_HAM-ICE_ICE-MAD,GIN-ICE-4_GIN-ICE-6_HAM-ICE-6_ICE-MAD-6,GIN-4_GIN-6_HAM-6_MAD-12,0
ICE-4,ICE,6,-101.4324874,2.363567983,14.99575363,GIN_HAM_MAD,GIN-ICE_HAM-ICE_ICE-MAD,GIN-ICE-4_GIN-ICE-6_HAM-ICE-6_ICE-MAD-6,GIN-4_GIN-6_HAM-6_MAD-12,0
TAT-9,TAT,9,-57.91414741,-66.76327302,-74.08673237,COP_ELK_ONO_SIR,COP-TAT_ELK-TAT_ONO-TAT_SIR-TAT,COP-TAT-9_ELK-TAT-9_ONO-TAT-9_SIR-TAT-9,COP-9_ELK-9_ONO-9_SIR-9,1
ZAP-13,ZAP,13,-18.45769141,-88.78774802,49.77636063,GOO_HOT_PRO_YAK,GOO-ZAP_HOT-ZAP_PRO-ZAP_YAK-ZAP,GOO-ZAP-13_HOT-ZAP-13_PRO-ZAP-13_YAK-ZAP-13,GOO-13_HOT-13_PRO-13_YAK-13,0
HOT-13,HOT,13,4.710215594,-98.76846102,58.92129363,PIG_ZAP_JAM_OLD_LIE,HOT-PIG_HOT-ZAP_HOT-JAM_HOT-OLD_HOT-LIE,HOT-PIG-13_HOT-ZAP-13_HOT-JAM-13_HOT-OLD-13_HOT-LIE-13,PIG-13_ZAP-13_JAM-13_OLD-13_LIE-13,0
DUI-2,DUI,2,97.20427659,55.49964198,-20.27930937,ACE_HIT_SKY_SUN_IVY,ACE-DUI_DUI-HIT_DUI-SKY_DUI-SUN_DUI-IVY,DUI-HIT-2_DUI-SKY-2_DUI-SUN-2_DUI-IVY-2_ACE-DUI-7,HIT-2_SKY-2_SUN-2_IVY-2_ACE-7,0
FOX-2,FOX,2,113.4612856,14.11545098,-39.83334437,BOY_ETA_SKY_IVY_TAG,BOY-FOX_ETA-FOX_FOX-SKY_FOX-IVY_FOX-TAG,BOY-FOX-2_ETA-FOX-2_FOX-SKY-2_FOX-IVY-2_FOX-TAG-2,BOY-2_ETA-2_SKY-2_IVY-2_TAG-2,0
FRO-1,FRO,1,83.11559959,92.49394598,-76.93202537,ASK_RAW_OFF_WHO_GUN,ASK-FRO_FRO-RAW_FRO-OFF_FRO-WHO_FRO-GUN,FRO-RAW-1_FRO-WHO-1_FRO-GUN-1_ASK-FRO-2_FRO-OFF-1,RAW-1_WHO-1_GUN-1_ASK-2_OFF-2,0
ELK-9,ELK,9,-74.04124941,-76.36781602,-38.83893637,WIG_NOR_USE_KIT_TAT,ELK-WIG_ELK-NOR_ELK-USE_ELK-KIT_ELK-TAT,ELK-WIG-9_ELK-NOR-9_ELK-USE-9_ELK-KIT-9_ELK-TAT-9,WIG-9_NOR-9_USE-9_KIT-9_TAT-9,0
ACT-6,ACT,6,-51.10642441,-19.28789502,48.41176363,ASH_TRY_DUH_SOY_HAM,ACT-ASH_ACT-TRY_ACT-DUH_ACT-SOY_ACT-HAM,ACT-ASH-12_ACT-TRY-6_ACT-DUH-6_ACT-SOY-6_ACT-HAM-6,ASH-12_TRY-6_DUH-6_SOY-6_HAM-6,0
HIP-10,HIP,10,-32.92354741,-153.773805,-17.57409037,FOR_GET_SAD_NEW,FOR-HIP_GET-HIP_HIP-SAD_HIP-NEW,FOR-HIP-10_GET-HIP-10_HIP-SAD-10_HIP-NEW-10,FOR-10_GET-10_SAD-10_NEW-10,0
WIN-8,WIN,8,97.42435959,-41.22449302,-65.29166837,BAH_BAM_HAY_JAR_PAY,BAH-WIN_BAM-WIN_HAY-WIN_JAR-WIN_PAY-WIN,BAH-WIN-8_BAM-WIN-8_HAY-WIN-8_JAR-WIN-8_PAY-WIN-8,BAH-8_BAM-8_HAY-8_JAR-8_PAY-8,0
RAW-1,RAW,1,76.51529459,115.720687,-61.04676337,FRO_JOY_LEG,FRO-RAW_JOY-RAW_LEG-RAW,FRO-RAW-1_JOY-RAW-1_LEG-RAW-1,FRO-1_JOY-1_LEG-1,0
HOW-5,HOW,5,3.807477594,116.592725,4.278644628,ADO_BOA_GAL_PIE,ADO-HOW_BOA-HOW_GAL-HOW_HOW-PIE,GAL-HOW-1_HOW-PIE-1_ADO-HOW-5_BOA-HOW-5,GAL-1_PIE-1_ADO-5_BOA-5,0
JOB-5,JOB,5,3.845794594,74.53298798,59.56868863,ADO_NAY_JUG_TOY,ADO-JOB_JOB-NAY_JOB-JUG_JOB-TOY,ADO-JOB-5_JOB-NAY-5_JOB-JUG-5_JOB-TOY-5,ADO-5_NAY-5_JUG-5_TOY-5,0
SAY-4,SAY,4,-108.8266474,31.44797198,-6.289134372,BED_DAY_PAW_WIZ_ZIG,BED-SAY_DAY-SAY_PAW-SAY_SAY-WIZ_SAY-ZIG,BED-SAY-4_DAY-SAY-4_PAW-SAY-4_SAY-WIZ-4_SAY-ZIG-4,BED-4_DAY-4_PAW-4_WIZ-4_ZIG-4,0
ALA-3,ALA,3,-74.19261141,120.025893,-24.32966137,AGO_INK_FLY_GUT_MIX,AGO-ALA_ALA-INK_ALA-FLY_ALA-GUT_ALA-MIX,AGO-ALA-3_ALA-INK-3_ALA-FLY-3_ALA-GUT-3_ALA-MIX-3,AGO-3_INK-3_FLY-3_GUT-3_MIX-3,0
EGO-3,EGO,3,-99.14678941,74.90171698,-80.80211637,AIM_BOX_LID_OAR,AIM-EGO_BOX-EGO_EGO-LID_EGO-OAR,AIM-EGO-3_EGO-LID-3_EGO-OAR-3_BOX-EGO-4,AIM-3_LID-3_OAR-3_BOX-4,0
MOO-10,MOO,10,31.52915659,-135.876097,28.76128663,DAD_EGG_GEL_JAM_PIG,DAD-MOO_EGG-MOO_GEL-MOO_JAM-MOO_MOO-PIG,DAD-MOO-10_EGG-MOO-10_GEL-MOO-10_MOO-PIG-10_JAM-MOO-13,DAD-10_EGG-10_GEL-10_PIG-10_JAM-13,0
OIL-3,OIL,5,-57.16906441,104.268151,-4.853784372,INK_VOW_RUM_SHY,INK-OIL_OIL-VOW_OIL-RUM_OIL-SHY,INK-OIL-3_OIL-RUM-3_OIL-VOW-5_OIL-RUM-5_OIL-SHY-5,INK-3_RUM-3_VOW-5_RUM-5_SHY-5,0
MAC-11,MAC,7,68.15962259,-3.122933017,49.85057663,AIR_FIX_IRE,AIR-MAC_FIX-MAC_IRE-MAC,AIR-MAC-11_FIX-MAC-11_FIX-MAC-7_IRE-MAC-7,AIR-11_FIX-11_FIX-7_IRE-7,0
BED-12,BED,9,-94.74560041,-9.822877017,-9.187424372,DOG_MAD_SAY_CHI_CUP,BED-DOG_BED-MAD_BED-SAY_BED-CHI_BED-CUP,BED-MAD-12_BED-DOG-4_BED-SAY-4_BED-CUP-4_BED-DOG-9_BED-CHI-9,MAD-12_DOG-4_SAY-4_CUP-4_DOG-9_CHI-9,0
COY-9,COY,9,-80.74662941,-50.26531802,-1.981156372,AGE_CHI_NOR_MAD,AGE-COY_CHI-COY_COY-NOR_COY-MAD,COY-NOR-12_COY-MAD-12_AGE-COY-9_CHI-COY-9_COY-NOR-9,NOR-12_MAD-12_AGE-9_CHI-9_NOR-9,0
NAY-5,NAY,5,-14.06673741,88.98864298,50.76425863,BOA_FUN_JOB,BOA-NAY_FUN-NAY_JOB-NAY,BOA-NAY-5_FUN-NAY-5_JOB-NAY-5,BOA-5_FUN-5_JOB-5,0
YAK-13,YAK,12,-44.92779141,-95.14453702,49.47698363,BUG_GOO_LAB_PRO_ZAP,BUG-YAK_GOO-YAK_LAB-YAK_PRO-YAK_YAK-ZAP,GOO-YAK-13_LAB-YAK-13_PRO-YAK-13_YAK-ZAP-13_BUG-YAK-12_GOO-YAK-12_LAB-YAK-12,GOO-13_LAB-13_PRO-13_ZAP-13_BUG-12_GOO-12_LAB-12,0
YAK-12,YAK,12,-47.02312041,-91.34388602,49.32608163,BUG_GOO_LAB_PRO_ZAP,BUG-YAK_GOO-YAK_LAB-YAK_PRO-YAK_YAK-ZAP,GOO-YAK-13_LAB-YAK-13_PRO-YAK-13_YAK-ZAP-13_BUG-YAK-12_GOO-YAK-12_LAB-YAK-12,GOO-13_LAB-13_PRO-13_ZAP-13_BUG-12_GOO-12_LAB-12,0
FOG-6,FOG,6,-14.02564141,-21.90110802,77.66722063,LAW_TRY_RIB_SOY_OLD,FOG-LAW_FOG-TRY_FOG-RIB_FOG-SOY_FOG-OLD,FOG-LAW-14_FOG-RIB-14_FOG-OLD-14_FOG-TRY-6_FOG-RIB-6_FOG-SOY-6,LAW-14_RIB-14_OLD-14_TRY-6_RIB-6_SOY-6,0
HOW-1,HOW,5,6.326552594,118.044822,1.885876628,ADO_BOA_GAL_PIE,ADO-HOW_BOA-HOW_GAL-HOW_HOW-PIE,GAL-HOW-1_HOW-PIE-1_ADO-HOW-5_BOA-HOW-5,GAL-1_PIE-1_ADO-5_BOA-5,0
EON-7,EON,7,62.85992059,51.31187898,48.11208163,BRO_YES_POP_NIL_TOY,BRO-EON_EON-YES_EON-POP_EON-NIL_EON-TOY,BRO-EON-7_EON-YES-7_EON-POP-7_EON-NIL-7_EON-TOY-7,BRO-7_YES-7_POP-7_NIL-7_TOY-7,0
FAN-6,FAN,6,-53.57925541,51.12708598,53.57610463,MOP_FUN_ZZZ,FAN-MOP_FAN-FUN_FAN-ZZZ,FAN-MOP-6_FAN-ZZZ-6_FAN-FUN-6,MOP-6_ZZZ-6_FUN-5,0
ZZZ-6,ZZZ,6,-79.23398341,42.81055598,41.84575163,FAN_HAM_NAN_VOW_WIZ,FAN-ZZZ_HAM-ZZZ_NAN-ZZZ_VOW-ZZZ_WIZ-ZZZ,FAN-ZZZ-6_HAM-ZZZ-6_NAN-ZZZ-6_VOW-ZZZ-6_WIZ-ZZZ-4,FAN-6_HAM-6_NAN-6_VOW-6_WIZ-4,0
DIG-2,DIG,2,99.36351259,82.04294498,-25.19441537,NOM_HIT_JOY_TUB,DIG-NOM_DIG-HIT_DIG-JOY_DIG-TUB,DIG-NOM-2_DIG-HIT-2_DIG-TUB-2_DIG-JOY-2,NOM-2_HIT-2_TUB-2_JOY-1,0
LEG-1,LEG,1,53.69602259,137.684574,-68.68453837,OVA_SPY_WHO_RAW_NIX,LEG-OVA_LEG-SPY_LEG-WHO_LEG-RAW_LEG-NIX,LEG-OVA-1_LEG-SPY-1_LEG-WHO-1_LEG-RAW-1_LEG-NIX-1,OVA-1_SPY-1_WHO-1_RAW-1_NIX-1,0
AMP-8,AMP,8,53.95782659,-110.233246,-46.81392637,ROB_SEX_YAY_SAW_CAB,AMP-ROB_AMP-SEX_AMP-YAY_AMP-SAW_AMP-CAB,AMP-ROB-10_AMP-SEX-10_AMP-CAB-10_AMP-SEX-8_AMP-YAY-8_AMP-SAW-8,ROB-10_SEX-10_CAB-10_SEX-8_YAY-8_SAW-8,1
USE-9,USE,9,-66.40635841,-98.69556402,-51.81747737,COP_ELK_NEW_ONO_WIG,COP-USE_ELK-USE_NEW-USE_ONO-USE_USE-WIG,COP-USE-9_ELK-USE-9_ONO-USE-9_USE-WIG-9_NEW-USE-10,COP-9_ELK-9_ONO-9_WIG-9_NEW-10,0
EAR-10,EAR,10,46.59295959,-108.725841,23.04261663,COW_WAS_ZOO_SEX,COW-EAR_EAR-WAS_EAR-ZOO_EAR-SEX,COW-EAR-11_EAR-WAS-11_EAR-ZOO-11_EAR-SEX-10,COW-11_WAS-11_ZOO-11_SEX-10,0
DUH-6,DUH,6,-51.47386841,5.233506983,63.54871163,ACT_TRY_MOP,ACT-DUH_DUH-TRY_DUH-MOP,ACT-DUH-6_DUH-TRY-6_DUH-MOP-6,ACT-6_TRY-6_MOP-6,0
YAY-8,YAY,8,52.54010159,-78.35575402,-52.84782737,AMP_BAM_CAB_HAY_SAW_TAR,AMP-YAY_BAM-YAY_CAB-YAY_HAY-YAY_SAW-YAY_TAR-YAY,AMP-YAY-8_BAM-YAY-8_HAY-YAY-8_SAW-YAY-8_TAR-YAY-8_CAB-YAY-10,AMP-8_BAM-8_HAY-8_SAW-8_TAR-8_CAB-10,1
FOG-14,FOG,6,-11.92286041,-24.93838202,78.58385063,LAW_TRY_RIB_SOY_OLD,FOG-LAW_FOG-TRY_FOG-RIB_FOG-SOY_FOG-OLD,FOG-LAW-14_FOG-RIB-14_FOG-OLD-14_FOG-TRY-6_FOG-RIB-6_FOG-SOY-6,LAW-14_RIB-14_OLD-14_TRY-6_RIB-6_SOY-6,0
KEY-12,KEY,9,-69.18783341,-117.131377,11.78622063,FIG_NOR_SAD_WIG,FIG-KEY_KEY-NOR_KEY-SAD_KEY-WIG,FIG-KEY-12_KEY-NOR-12_KEY-NOR-9_KEY-WIG-9_KEY-SAD-9,FIG-12_NOR-12_NOR-9_WIG-9_SAD-10,0
WAX-3,WAX,3,-61.03240041,113.301845,-94.98505137,AIM_HEX_LID_MOM_SIP,AIM-WAX_HEX-WAX_LID-WAX_MOM-WAX_SIP-WAX,AIM-WAX-3_HEX-WAX-3_LID-WAX-3_MOM-WAX-3_SIP-WAX-3,AIM-3_HEX-3_LID-3_MOM-3_SIP-3,1
ERA-14,ERA,6,13.73802359,14.67203198,62.12956063,JUG_NIL_PLY,ERA-JUG_ERA-NIL_ERA-PLY,ERA-NIL-7_ERA-JUG-6_ERA-PLY-6,NIL-7_JUG-6_PLY-6,0
MAC-7,MAC,7,68.15962259,1.329739983,49.85057663,AIR_FIX_IRE,AIR-MAC_FIX-MAC_IRE-MAC,AIR-MAC-11_FIX-MAC-11_FIX-MAC-7_IRE-MAC-7,AIR-11_FIX-11_FIX-7_IRE-7,0
NOR-12,NOR,9,-75.85383241,-91.25010502,5.971789628,COY_ELK_FIG_KEY_WOW,COY-NOR_ELK-NOR_FIG-NOR_KEY-NOR_NOR-WOW,COY-NOR-12_FIG-NOR-12_KEY-NOR-12_COY-NOR-9_ELK-NOR-9_KEY-NOR-9_NOR-WOW-9,COY-12_FIG-12_KEY-12_COY-9_ELK-9_KEY-9_WOW-9,0
NIX-1,NIX,1,19.61778759,146.65104,-71.21173037,LEG_OVA_WHO_PIE,LEG-NIX_NIX-OVA_NIX-WHO_NIX-PIE,LEG-NIX-1_NIX-OVA-1_NIX-WHO-1_NIX-PIE-1,LEG-1_OVA-1_WHO-1_PIE-1,1
RIB-6,RIB,6,-1.325779406,0.831416983,77.87267963,FOG_IRE_JUG_LAW_SOY,FOG-RIB_IRE-RIB_JUG-RIB_LAW-RIB_RIB-SOY,FOG-RIB-14_IRE-RIB-14_LAW-RIB-14_FOG-RIB-6_JUG-RIB-6_RIB-SOY-6,FOG-14_IRE-14_LAW-14_FOG-6_JUG-6_SOY-6,0
BIO-1,BIO,1,66.46786359,118.555503,-9.524659372,ARM_JOY_NOM_RAD,ARM-BIO_BIO-JOY_BIO-NOM_BIO-RAD,ARM-BIO-1_BIO-JOY-1_BIO-NOM-1_BIO-RAD-1,ARM-1_JOY-1_NOM-1_RAD-1,0
HUG-4,HUG,4,-93.46122141,17.77017398,-89.94626137,BOX_FLU_VAN_SIR_LID,BOX-HUG_FLU-HUG_HUG-VAN_HUG-SIR_HUG-LID,BOX-HUG-4_FLU-HUG-4_HUG-VAN-4_HUG-SIR-4_HUG-LID-4,BOX-4_FLU-4_VAN-4_SIR-9_LID-3,1
LAB-13,LAB,12,-37.12603241,-72.32935502,62.35637563,LAM_TAU_YAK_OLD,LAB-LAM_LAB-TAU_LAB-YAK_LAB-OLD,LAB-TAU-13_LAB-YAK-13_LAB-OLD-13_LAB-LAM-12_LAB-YAK-12,TAU-13_YAK-13_OLD-13_LAM-12_YAK-12,0
LAB-12,LAB,12,-39.22136141,-68.52870402,62.20547263,LAM_TAU_YAK_OLD,LAB-LAM_LAB-TAU_LAB-YAK_LAB-OLD,LAB-TAU-13_LAB-YAK-13_LAB-OLD-13_LAB-LAM-12_LAB-YAK-12,TAU-13_YAK-13_OLD-13_LAM-12_YAK-12,0
EYE-7,EYE,7,97.34155959,14.98342398,16.20123563,GAS_SUN_FIX_IVY_POP,EYE-GAS_EYE-SUN_EYE-FIX_EYE-IVY_EYE-POP,EYE-SUN-7_EYE-FIX-7_EYE-IVY-7_EYE-POP-7_EYE-GAS-7,SUN-7_FIX-7_IVY-7_POP-7_GAS-11,0
OLD-13,OLD,14,1.174937594,-65.18592102,70.88896363,EVE_FOG_HOT_LAB_LIE,EVE-OLD_FOG-OLD_HOT-OLD_LAB-OLD_LIE-OLD,HOT-OLD-13_LAB-OLD-13_LIE-OLD-13_EVE-OLD-14_FOG-OLD-14_LIE-OLD-14,HOT-13_LAB-13_LIE-13_EVE-14_FOG-14_LIE-14,0
GET-10,GET,10,-11.22186041,-141.007733,-35.38363137,CAB_COP_OAK_HIP_RUG_NEW,CAB-GET_COP-GET_GET-OAK_GET-HIP_GET-RUG_GET-NEW,CAB-GET-10_COP-GET-10_GET-OAK-10_GET-HIP-10_GET-RUG-10_GET-NEW-10,CAB-10_COP-10_OAK-10_HIP-10_RUG-10_NEW-10,1
OAK-10,OAK,10,18.45301759,-148.691116,-31.06690737,CAB_FOR_GET_ROB,CAB-OAK_FOR-OAK_GET-OAK_OAK-ROB,CAB-OAK-10_FOR-OAK-10_GET-OAK-10_OAK-ROB-10,CAB-10_FOR-10_GET-10_ROB-10,1
FAX-11,FAX,11,52.93065359,-53.90876502,53.84225463,AIR_COW_EVE_ZOO_GIG,AIR-FAX_COW-FAX_EVE-FAX_FAX-ZOO_FAX-GIG,AIR-FAX-11_COW-FAX-11_FAX-ZOO-11_FAX-GIG-11_EVE-FAX-14,AIR-11_COW-11_ZOO-11_GIG-11_EVE-14,0
MIX-3,MIX,3,-82.31358541,116.370628,-59.92703137,AIM_ALA_HEX_MOM_OAR,AIM-MIX_ALA-MIX_HEX-MIX_MIX-MOM_MIX-OAR,AIM-MIX-3_ALA-MIX-3_HEX-MIX-3_MIX-MOM-3_MIX-OAR-3,AIM-3_ALA-3_HEX-3_MOM-3_OAR-3,0
SEX-10,SEX,8,60.83833759,-123.218531,-17.84211037,AMP_EAR_PHI_ROB_SAW,AMP-SEX_EAR-SEX_PHI-SEX_ROB-SEX_SAW-SEX,AMP-SEX-10_EAR-SEX-10_ROB-SEX-10_AMP-SEX-8_PHI-SEX-8_SAW-SEX-8,AMP-10_EAR-10_ROB-10_AMP-8_PHI-8_SAW-8,0
ETA-8,ETA,8,99.52760759,-14.70496602,-50.85733837,BAM_BOY_TUX_FOX_TAG,BAM-ETA_BOY-ETA_ETA-TUX_ETA-FOX_ETA-TAG,BOY-ETA-2_ETA-TUX-2_ETA-FOX-2_ETA-TAG-2_BAM-ETA-8_ETA-TUX-8,BOY-2_TUX-2_FOX-2_TAG-2_BAM-8_TUX-8,0
ACT-12,ACT,6,-49.11285441,-22.85043002,48.08552363,ASH_TRY_DUH_SOY_HAM,ACT-ASH_ACT-TRY_ACT-DUH_ACT-SOY_ACT-HAM,ACT-ASH-12_ACT-TRY-6_ACT-DUH-6_ACT-SOY-6_ACT-HAM-6,ASH-12_TRY-6_DUH-6_SOY-6_HAM-6,0
BRO-7,BRO,7,82.03459059,72.08309498,23.31367063,ACE_ARM_WET_EON_HIT,ACE-BRO_ARM-BRO_BRO-WET_BRO-EON_BRO-HIT,ACE-BRO-7_BRO-WET-7_BRO-EON-7_BRO-HIT-7_ARM-BRO-1,ACE-7_WET-7_EON-7_HIT-7_ARM-1,0
ROB-10,ROB,10,41.82992959,-142.516761,-24.93582837,AMP_DAD_GEL_OAK_SEX,AMP-ROB_DAD-ROB_GEL-ROB_OAK-ROB_ROB-SEX,AMP-ROB-10_DAD-ROB-10_GEL-ROB-10_OAK-ROB-10_ROB-SEX-10,AMP-10_DAD-10_GEL-10_OAK-10_SEX-10,0
RIB-14,RIB,6,0.777001594,-2.205857017,78.78930963,FOG_IRE_JUG_LAW_SOY,FOG-RIB_IRE-RIB_JUG-RIB_LAW-RIB_RIB-SOY,FOG-RIB-14_IRE-RIB-14_LAW-RIB-14_FOG-RIB-6_JUG-RIB-6_RIB-SOY-6,FOG-14_IRE-14_LAW-14_FOG-6_JUG-6_SOY-6,0
COW-11,COW,11,60.75696259,-56.31003402,27.76317763,KEG_EAR_GIG_FAX,COW-KEG_COW-EAR_COW-GIG_COW-FAX,COW-KEG-11_COW-EAR-11_COW-GIG-11_COW-FAX-11,KEG-11_EAR-11_GIG-11_FAX-11,0
NAN-6,NAN,6,-56.65210441,24.70875698,41.61903863,HAM_LAX_MOP_SOY_ZZZ,HAM-NAN_LAX-NAN_MOP-NAN_NAN-SOY_NAN-ZZZ,HAM-NAN-6_LAX-NAN-6_MOP-NAN-6_NAN-SOY-6_NAN-ZZZ-6,HAM-6_LAX-6_MOP-6_SOY-6_ZZZ-6,0
ELF-1,ELF,1,42.59283659,109.975758,-1.147938372,WET_GAL_NOM,ELF-WET_ELF-GAL_ELF-NOM,ELF-WET-1_ELF-GAL-1_ELF-NOM-1,WET-1_GAL-1_NOM-1,0
HEX-3,HEX,3,-57.82588741,138.550331,-73.40293337,SIP_MAY_WAX_MIX,HEX-SIP_HEX-MAY_HEX-WAX_HEX-MIX,HEX-SIP-3_HEX-MAY-3_HEX-WAX-3_HEX-MIX-3,SIP-3_MAY-3_WAX-3_MIX-3,0
KEG-8,KEG,8,85.82889359,-60.24863902,7.293060628,COW_ODD_TAR_WAS_LUG,COW-KEG_KEG-ODD_KEG-TAR_KEG-WAS_KEG-LUG,COW-KEG-11_KEG-ODD-11_KEG-TAR-11_KEG-WAS-11_KEG-LUG-11_KEG-TAR-8_KEG-LUG-8,COW-11_ODD-11_TAR-11_WAS-11_LUG-11_TAR-8_LUG-8,0
DAY-4,DAY,4,-94.73552341,29.94447198,-26.25327037,CUP_TAX_PAW_SAY_GIN,CUP-DAY_DAY-TAX_DAY-PAW_DAY-SAY_DAY-GIN,CUP-DAY-4_DAY-TAX-4_DAY-PAW-4_DAY-SAY-4_DAY-GIN-4,CUP-4_TAX-4_PAW-4_SAY-4_GIN-4,0
CAB-10,CAB,10,25.94835359,-122.829441,-37.65312837,AMP_YAY_OAK_GET,AMP-CAB_CAB-YAY_CAB-OAK_CAB-GET,AMP-CAB-10_CAB-OAK-10_CAB-GET-10_CAB-YAY-10,AMP-10_OAK-10_GET-10_YAY-8,1
RUM-3,RUM,5,-21.85544841,135.503937,-29.20266437,INK_MAY_OIL_PIE_SIP,INK-RUM_MAY-RUM_OIL-RUM_PIE-RUM_RUM-SIP,INK-RUM-3_MAY-RUM-3_OIL-RUM-3_RUM-SIP-3_OIL-RUM-5_PIE-RUM-1,INK-3_MAY-3_OIL-3_SIP-3_OIL-5_PIE-1,1
FIG-12,FIG,12,-68.95094441,-94.26845802,33.62420063,ART_KEY_GOO_NOR,ART-FIG_FIG-KEY_FIG-GOO_FIG-NOR,ART-FIG-12_FIG-KEY-12_FIG-GOO-12_FIG-NOR-12,ART-12_KEY-12_GOO-12_NOR-12,0
GAL-1,GAL,1,24.98754559,133.745892,-1.576939372,ELF_HOW_WAR_RAD,ELF-GAL_GAL-HOW_GAL-WAR_GAL-RAD,ELF-GAL-1_GAL-HOW-1_GAL-WAR-1_GAL-RAD-1,ELF-1_HOW-1_WAR-1_RAD-1,0
GOO-13,GOO,12,-41.85655141,-112.918897,27.08052363,FIG_ZAP_YAK_SAD_PIG,FIG-GOO_GOO-ZAP_GOO-YAK_GOO-SAD_GOO-PIG,GOO-SAD-10_GOO-PIG-10_GOO-ZAP-13_GOO-YAK-13_GOO-PIG-13_FIG-GOO-12_GOO-YAK-12,SAD-10_PIG-10_ZAP-13_YAK-13_PIG-13_FIG-12_YAK-12,0
GOO-12,GOO,12,-43.95188141,-109.118245,26.92962063,FIG_ZAP_YAK_SAD_PIG,FIG-GOO_GOO-ZAP_GOO-YAK_GOO-SAD_GOO-PIG,GOO-SAD-10_GOO-PIG-10_GOO-ZAP-13_GOO-YAK-13_GOO-PIG-13_FIG-GOO-12_GOO-YAK-12,SAD-10_PIG-10_ZAP-13_YAK-13_PIG-13_FIG-12_YAK-12,0
GOO-10,GOO,12,-41.43612741,-116.655241,25.71561463,FIG_ZAP_YAK_SAD_PIG,FIG-GOO_GOO-ZAP_GOO-YAK_GOO-SAD_GOO-PIG,GOO-SAD-10_GOO-PIG-10_GOO-ZAP-13_GOO-YAK-13_GOO-PIG-13_FIG-GOO-12_GOO-YAK-12,SAD-10_PIG-10_ZAP-13_YAK-13_PIG-13_FIG-12_YAK-12,0
ZOO-11,ZOO,11,53.59552959,-79.92789602,45.84201263,EAR_FAX_JAM_WAS,EAR-ZOO_FAX-ZOO_JAM-ZOO_WAS-ZOO,EAR-ZOO-11_FAX-ZOO-11_JAM-ZOO-11_WAS-ZOO-11,EAR-11_FAX-11_JAM-11_WAS-11,0
AIM-3,AIM,3,-85.39764441,95.01491398,-91.98091537,MOM_LID_EGO_WAX_MIX,AIM-MOM_AIM-LID_AIM-EGO_AIM-WAX_AIM-MIX,AIM-MOM-3_AIM-LID-3_AIM-EGO-3_AIM-WAX-3_AIM-MIX-3,MOM-3_LID-3_EGO-3_WAX-3_MIX-3,1
CIS-2,CIS,2,85.32510359,11.66894898,-82.83059537,BAH_BAM_BOY_ORC_TAG_OFF,BAH-CIS_BAM-CIS_BOY-CIS_CIS-ORC_CIS-TAG_CIS-OFF,BAH-CIS-2_BOY-CIS-2_CIS-ORC-2_CIS-TAG-2_CIS-OFF-2_BAM-CIS-8,BAH-2_BOY-2_ORC-2_TAG-2_OFF-2_BAM-8,1
MOP-6,MOP,6,-41.14815841,32.03279498,63.86493863,DUH_FAN_NAN,DUH-MOP_FAN-MOP_MOP-NAN,DUH-MOP-6_FAN-MOP-6_MOP-NAN-6,DUH-6_FAN-6_NAN-6,0
EAR-11,EAR,10,47.71669559,-101.306211,24.42671963,COW_WAS_ZOO_SEX,COW-EAR_EAR-WAS_EAR-ZOO_EAR-SEX,COW-EAR-11_EAR-WAS-11_EAR-ZOO-11_EAR-SEX-10,COW-11_WAS-11_ZOO-11_SEX-10,0
IRE-14,IRE,7,36.45626059,-3.166204017,68.58317463,AHI_EVE_MAC_RIB,AHI-IRE_EVE-IRE_IRE-MAC_IRE-RIB,EVE-IRE-14_IRE-RIB-14_AHI-IRE-7_IRE-MAC-7,EVE-14_RIB-14_AHI-7_MAC-7,0
SAW-8,SAW,8,77.17590359,-85.93446502,-36.31063437,AMP_HAY_PHI_SEX_YAY,AMP-SAW_HAY-SAW_PHI-SAW_SAW-SEX_SAW-YAY,AMP-SAW-8_HAY-SAW-8_PHI-SAW-8_SAW-SEX-8_SAW-YAY-8,AMP-8_HAY-8_PHI-8_SEX-8_YAY-8,0
WAR-1,WAR,5,24.28645659,118.646189,20.21671563,ADO_BOA_DUB_GAL,ADO-WAR_BOA-WAR_DUB-WAR_GAL-WAR,DUB-WAR-1_GAL-WAR-1_ADO-WAR-5_BOA-WAR-5_DUB-WAR-5,DUB-1_GAL-1_ADO-5_BOA-5_DUB-5,0
CUP-4,CUP,4,-102.1497724,1.689936983,-56.48926237,BED_VAN_DOG_DAY_FLU,BED-CUP_CUP-VAN_CUP-DOG_CUP-DAY_CUP-FLU,BED-CUP-4_CUP-VAN-4_CUP-DOG-4_CUP-DAY-4_CUP-FLU-4,BED-4_VAN-4_DOG-4_DAY-4_FLU-4,0
WAR-5,WAR,5,22.01100359,117.232289,23.27937763,ADO_BOA_DUB_GAL,ADO-WAR_BOA-WAR_DUB-WAR_GAL-WAR,DUB-WAR-1_GAL-WAR-1_ADO-WAR-5_BOA-WAR-5_DUB-WAR-5,DUB-1_GAL-1_ADO-5_BOA-5_DUB-5,0
SOY-6,SOY,6,-25.26962541,6.414220983,63.01992663,ACT_FOG_NAN_PLY_RIB,ACT-SOY_FOG-SOY_NAN-SOY_PLY-SOY_RIB-SOY,ACT-SOY-6_FOG-SOY-6_NAN-SOY-6_PLY-SOY-6_RIB-SOY-6,ACT-6_FOG-6_NAN-6_PLY-6_RIB-6,0
AGE-9,AGE,9,-90.54446141,-39.40249202,-41.39540837,KIT_DOG_COY_BAR_SIR,AGE-KIT_AGE-DOG_AGE-COY_AGE-BAR_AGE-SIR,AGE-KIT-9_AGE-DOG-9_AGE-COY-9_AGE-BAR-9_AGE-SIR-9,KIT-9_DOG-9_COY-9_BAR-9_SIR-9,0
ART-12,ART,12,-85.24824141,-58.83866602,26.52474063,FIG_KIT_ASH_MAD_BUG,ART-FIG_ART-KIT_ART-ASH_ART-MAD_ART-BUG,ART-FIG-12_ART-ASH-12_ART-MAD-12_ART-BUG-12_ART-KIT-12,FIG-12_ASH-12_MAD-12_BUG-12_KIT-9,0
ZIG-4,ZIG,4,-112.1824644,49.38235198,-30.73944437,GYM_PAW_SAY,GYM-ZIG_PAW-ZIG_SAY-ZIG,GYM-ZIG-4_PAW-ZIG-4_SAY-ZIG-4,GYM-4_PAW-4_SAY-4,0
GUN-1,GUN,2,80.21752159,86.71068098,-50.51652737,ASK_FRO_JOY_SPY_TUB,ASK-GUN_FRO-GUN_GUN-JOY_GUN-SPY_GUN-TUB,FRO-GUN-1_GUN-JOY-1_GUN-SPY-1_ASK-GUN-2_GUN-TUB-2,FRO-1_JOY-1_SPY-1_ASK-2_TUB-2,0
BED-9,BED,9,-95.19832241,-10.08291602,-13.15320537,DOG_MAD_SAY_CHI_CUP,BED-DOG_BED-MAD_BED-SAY_BED-CHI_BED-CUP,BED-MAD-12_BED-DOG-4_BED-SAY-4_BED-CUP-4_BED-DOG-9_BED-CHI-9,MAD-12_DOG-4_SAY-4_CUP-4_DOG-9_CHI-9,0
PAY-8,PAY,8,104.2987506,-39.62004702,-34.32920937,JAR_WHY_WIN,JAR-PAY_PAY-WHY_PAY-WIN,JAR-PAY-8_PAY-WHY-8_PAY-WIN-8,JAR-8_WHY-8_WIN-8,0
LIE-13,LIE,14,23.32732159,-72.88615602,51.24466863,HOT_OLD_PIG,HOT-LIE_LIE-OLD_LIE-PIG,HOT-LIE-13_LIE-OLD-13_LIE-PIG-13_LIE-OLD-14,HOT-13_OLD-13_PIG-13_OLD-14,0
PHI-11,PHI,8,72.03006459,-102.675703,5.518761628,GEL_WAS_SEX_SAW,GEL-PHI_PHI-WAS_PHI-SEX_PHI-SAW,PHI-WAS-11_PHI-SEX-8_PHI-SAW-8_GEL-PHI-10,WAS-11_SEX-8_SAW-8_GEL-10,0
LIE-11,LIE,14,25.37320059,-71.04085602,52.34109163,HOT_OLD_PIG,HOT-LIE_LIE-OLD_LIE-PIG,HOT-LIE-13_LIE-OLD-13_LIE-PIG-13_LIE-OLD-14,HOT-13_OLD-13_PIG-13_OLD-14,0
HAY-8,HAY,8,78.44892959,-66.37617402,-66.96744137,BAM_WIN_YAY_SAW,BAM-HAY_HAY-WIN_HAY-YAY_HAY-SAW,BAM-HAY-8_HAY-WIN-8_HAY-YAY-8_HAY-SAW-8,BAM-8_WIN-8_YAY-8_SAW-8,1
BED-4,BED,9,-96.50953441,-6.208093017,-12.62538737,DOG_MAD_SAY_CHI_CUP,BED-DOG_BED-MAD_BED-SAY_BED-CHI_BED-CUP,BED-MAD-12_BED-DOG-4_BED-SAY-4_BED-CUP-4_BED-DOG-9_BED-CHI-9,MAD-12_DOG-4_SAY-4_CUP-4_DOG-9_CHI-9,0
NOR-9,NOR,9,-76.30655541,-91.51014402,2.006007628,COY_ELK_FIG_KEY_WOW,COY-NOR_ELK-NOR_FIG-NOR_KEY-NOR_NOR-WOW,COY-NOR-12_FIG-NOR-12_KEY-NOR-12_COY-NOR-9_ELK-NOR-9_KEY-NOR-9_NOR-WOW-9,COY-12_FIG-12_KEY-12_COY-9_ELK-9_KEY-9_WOW-9,0
GYM-4,GYM,4,-102.0108504,48.01721398,-60.70668137,TAX_OAR_PAW_ZIG,GYM-TAX_GYM-OAR_GYM-PAW_GYM-ZIG,GYM-TAX-3_GYM-OAR-3_GYM-TAX-4_GYM-PAW-4_GYM-ZIG-4,TAX-3_OAR-3_TAX-4_PAW-4_ZIG-4,0
GYM-3,GYM,4,-101.3163384,52.41292698,-61.52199537,TAX_OAR_PAW_ZIG,GYM-TAX_GYM-OAR_GYM-PAW_GYM-ZIG,GYM-TAX-3_GYM-OAR-3_GYM-TAX-4_GYM-PAW-4_GYM-ZIG-4,TAX-3_OAR-3_TAX-4_PAW-4_ZIG-4,0
BOY-2,BOY,2,108.4197686,11.93373498,-68.75523137,BAH_FOX_ETA_CIS_ORC,BAH-BOY_BOY-FOX_BOY-ETA_BOY-CIS_BOY-ORC,BAH-BOY-2_BOY-FOX-2_BOY-ETA-2_BOY-CIS-2_BOY-ORC-2,BAH-2_FOX-2_ETA-2_CIS-2_ORC-2,0
IVY-7,IVY,7,93.61091659,11.58407098,-12.75042237,DUI_EYE_FOX_TUX_LUG,DUI-IVY_EYE-IVY_FOX-IVY_IVY-TUX_IVY-LUG,DUI-IVY-2_FOX-IVY-2_IVY-TUX-2_EYE-IVY-7_IVY-LUG-7,DUI-2_FOX-2_TUX-2_EYE-7_LUG-8,0
RUG-10,RUG,10,-19.93212741,-146.611042,5.949316628,ALL_FOR_GET_SAD_WOW,ALL-RUG_FOR-RUG_GET-RUG_RUG-SAD_RUG-WOW,ALL-RUG-10_FOR-RUG-10_GET-RUG-10_RUG-SAD-10_RUG-WOW-10,ALL-10_FOR-10_GET-10_SAD-10_WOW-10,0
SIR-9,SIR,9,-85.17058541,-36.93601502,-81.99597937,AGE_FLU_HUG_ONO_TAT,AGE-SIR_FLU-SIR_HUG-SIR_ONO-SIR_SIR-TAT,AGE-SIR-9_ONO-SIR-9_SIR-TAT-9_FLU-SIR-4_HUG-SIR-4,AGE-9_ONO-9_TAT-9_FLU-4_HUG-4,1
NOM-1,NOM,2,74.50482659,89.93827798,-8.540843372,BIO_DIG_ELF,BIO-NOM_DIG-NOM_ELF-NOM,BIO-NOM-1_ELF-NOM-1_DIG-NOM-2,BIO-1_ELF-1_DIG-2,0
TAU-14,TAU,6,-21.30092041,-46.13249602,61.36783063,BUG_LAB_TRY,BUG-TAU_LAB-TAU_TAU-TRY,LAB-TAU-13_TAU-TRY-6_BUG-TAU-12,LAB-13_TRY-6_BUG-12,0
FLU-4,FLU,4,-106.7256264,-7.093324017,-80.89485437,BAR_CUP_HUG_SIR_VAN,BAR-FLU_CUP-FLU_FLU-HUG_FLU-SIR_FLU-VAN,BAR-FLU-4_CUP-FLU-4_FLU-HUG-4_FLU-VAN-4_FLU-SIR-4,BAR-4_CUP-4_HUG-4_VAN-4_SIR-9,1
FUN-5,FUN,5,-41.77578841,81.21320698,46.46754063,DRY_FAN_NAY_REF_VOW,DRY-FUN_FAN-FUN_FUN-NAY_FUN-REF_FUN-VOW,DRY-FUN-5_FUN-NAY-5_FUN-REF-5_FUN-VOW-5_FAN-FUN-6,DRY-5_NAY-5_REF-5_VOW-5_FAN-6,0
TAU-13,TAU,6,-19.31480241,-50.45840702,60.27586463,BUG_LAB_TRY,BUG-TAU_LAB-TAU_TAU-TRY,LAB-TAU-13_TAU-TRY-6_BUG-TAU-12,LAB-13_TRY-6_BUG-12,0
JAM-13,JAM,13,30.08529959,-105.085851,49.11054163,HOT_ZOO_MOO,HOT-JAM_JAM-ZOO_JAM-MOO,JAM-ZOO-11_HOT-JAM-13_JAM-MOO-13,ZOO-11_HOT-13_MOO-10,0
LAW-14,LAW,14,10.22523459,-26.85873602,65.73183363,EVE_FOG_RIB,EVE-LAW_FOG-LAW_LAW-RIB,EVE-LAW-14_FOG-LAW-14_LAW-RIB-14,EVE-14_FOG-14_RIB-14,0
AIR-11,AIR,11,71.13112059,-32.43153802,43.73215663,GIG_ODD_MAC_FAX_FIX,AIR-GIG_AIR-ODD_AIR-MAC_AIR-FAX_AIR-FIX,AIR-GIG-11_AIR-ODD-11_AIR-MAC-11_AIR-FAX-11_AIR-FIX-11,GIG-11_ODD-11_MAC-11_FAX-11_FIX-11,0
WHO-1,WHO,1,56.10229159,110.670883,-84.02869737,FRO_LEG_NIX_OFF_SPY,FRO-WHO_LEG-WHO_NIX-WHO_OFF-WHO_SPY-WHO,FRO-WHO-1_LEG-WHO-1_NIX-WHO-1_SPY-WHO-1_OFF-WHO-2,FRO-1_LEG-1_NIX-1_SPY-1_OFF-2,1
JOY-1,JOY,1,84.05906559,108.367809,-32.10448937,BIO_DIG_GUN_RAW,BIO-JOY_DIG-JOY_GUN-JOY_JOY-RAW,BIO-JOY-1_GUN-JOY-1_JOY-RAW-1_DIG-JOY-2,BIO-1_GUN-1_RAW-1_DIG-2,0
HAM-6,HAM,6,-78.12024741,6.428795983,43.02018763,ACT_NAN_ZZZ_ICE,ACT-HAM_HAM-NAN_HAM-ZZZ_HAM-ICE,ACT-HAM-6_HAM-NAN-6_HAM-ZZZ-6_HAM-ICE-6,ACT-6_NAN-6_ZZZ-6_ICE-6,0
FIX-7,FIX,7,75.03074659,-4.811578017,22.42784863,AIR_EYE_MAC_ODD_POP,AIR-FIX_EYE-FIX_FIX-MAC_FIX-ODD_FIX-POP,AIR-FIX-11_FIX-MAC-11_FIX-ODD-11_EYE-FIX-7_FIX-MAC-7_FIX-POP-7,AIR-11_MAC-11_ODD-11_EYE-7_MAC-7_POP-7,0
TAX-4,TAX,4,-96.35106441,69.70448498,-14.31714737,AGO_DAY_GIN_GYM_WIZ,AGO-TAX_DAY-TAX_GIN-TAX_GYM-TAX_TAX-WIZ,AGO-TAX-3_GYM-TAX-3_DAY-TAX-4_GIN-TAX-4_GYM-TAX-4_TAX-WIZ-4,AGO-3_GYM-3_DAY-4_GIN-4_GYM-4_WIZ-4,0
TAU-6,TAU,6,-23.40370241,-43.09522102,60.45120163,BUG_LAB_TRY,BUG-TAU_LAB-TAU_TAU-TRY,LAB-TAU-13_TAU-TRY-6_BUG-TAU-12,LAB-13_TRY-6_BUG-12,0
BAH-8,BAH,8,97.43435759,-18.79178502,-79.21080637,CIS_BOY_WIN_BAM,BAH-CIS_BAH-BOY_BAH-WIN_BAH-BAM,BAH-CIS-2_BAH-BOY-2_BAH-WIN-8_BAH-BAM-8,CIS-2_BOY-2_WIN-8_BAM-8,0
SPY-1,SPY,1,57.90937859,124.876711,-41.34419237,GUN_LEG_OVA_PIE_WHO,GUN-SPY_LEG-SPY_OVA-SPY_PIE-SPY_SPY-WHO,GUN-SPY-1_LEG-SPY-1_OVA-SPY-1_PIE-SPY-1_SPY-WHO-1,GUN-1_LEG-1_OVA-1_PIE-1_WHO-1,0
TAX-3,TAX,4,-95.65655241,74.10019898,-15.13246137,AGO_DAY_GIN_GYM_WIZ,AGO-TAX_DAY-TAX_GIN-TAX_GYM-TAX_TAX-WIZ,AGO-TAX-3_GYM-TAX-3_DAY-TAX-4_GIN-TAX-4_GYM-TAX-4_TAX-WIZ-4,AGO-3_GYM-3_DAY-4_GIN-4_GYM-4_WIZ-4,0
BAH-2,BAH,8,97.16048159,-14.53845802,-78.92810637,CIS_BOY_WIN_BAM,BAH-CIS_BAH-BOY_BAH-WIN_BAH-BAM,BAH-CIS-2_BAH-BOY-2_BAH-WIN-8_BAH-BAM-8,CIS-2_BOY-2_WIN-8_BAM-8,0
RAD-1,RAD,1,45.56589559,135.015985,-17.33008237,BIO_GAL_OVA_PIE,BIO-RAD_GAL-RAD_OVA-RAD_PIE-RAD,BIO-RAD-1_GAL-RAD-1_OVA-RAD-1_PIE-RAD-1,BIO-1_GAL-1_OVA-1_PIE-1,0
MOM-3,MOM,3,-84.88109141,89.53200898,-64.08417237,AGO_AIM_GUT_MIX_WAX,AGO-MOM_AIM-MOM_GUT-MOM_MIX-MOM_MOM-WAX,AGO-MOM-3_AIM-MOM-3_GUT-MOM-3_MIX-MOM-3_MOM-WAX-3,AGO-3_AIM-3_GUT-3_MIX-3_WAX-3,0
CHI-9,CHI,9,-102.5418844,-38.04451102,-16.48294537,BED_MAD_COY_DOG_KIT,BED-CHI_CHI-MAD_CHI-COY_CHI-DOG_CHI-KIT,BED-CHI-9_CHI-COY-9_CHI-DOG-9_CHI-KIT-9_CHI-MAD-9,BED-9_COY-9_DOG-9_KIT-9_MAD-12,0
BUG-12,BUG,12,-59.09933341,-64.50047202,38.98281863,ART_YAK_TAU_LAM_LAX,ART-BUG_BUG-YAK_BUG-TAU_BUG-LAM_BUG-LAX,ART-BUG-12_BUG-YAK-12_BUG-LAM-12_BUG-LAX-12_BUG-TAU-12,ART-12_YAK-12_LAM-12_LAX-12_TAU-6,0
LAX-6,LAX,6,-79.20396241,-13.41357102,26.66345463,ASH_BUG_GIN_NAN,ASH-LAX_BUG-LAX_GIN-LAX_LAX-NAN,ASH-LAX-12_BUG-LAX-12_GIN-LAX-6_LAX-NAN-6,ASH-12_BUG-12_GIN-6_NAN-6,0
PRO-13,PRO,13,-20.54790941,-114.716143,50.09094763,ALL_ZAP_YAK,ALL-PRO_PRO-ZAP_PRO-YAK,PRO-ZAP-13_PRO-YAK-13_ALL-PRO-10,ZAP-13_YAK-13_ALL-10,0
WHY-8,WHY,8,93.63453159,-61.09995302,-20.31834037,PAY_TAR,PAY-WHY_TAR-WHY,PAY-WHY-8_TAR-WHY-8,PAY-8_TAR-8,0
LIE-14,LIE,14,21.34120359,-68.56024402,52.33663563,HOT_OLD_PIG,HOT-LIE_LIE-OLD_LIE-PIG,HOT-LIE-13_LIE-OLD-13_LIE-PIG-13_LIE-OLD-14,HOT-13_OLD-13_PIG-13_OLD-14,0
TAR-8,TAR,8,71.15719559,-76.11056602,-11.12986337,KEG_LUG_WHY_YAY_WAS,KEG-TAR_LUG-TAR_TAR-WHY_TAR-YAY_TAR-WAS,KEG-TAR-11_LUG-TAR-11_TAR-WAS-11_KEG-TAR-8_LUG-TAR-8_TAR-WHY-8_TAR-YAY-8,KEG-11_LUG-11_WAS-11_KEG-8_LUG-8_WHY-8_YAY-8,0
ERA-6,ERA,6,11.63524159,17.70930698,61.21293163,JUG_NIL_PLY,ERA-JUG_ERA-NIL_ERA-PLY,ERA-NIL-7_ERA-JUG-6_ERA-PLY-6,NIL-7_JUG-6_PLY-6,0
ERA-7,ERA,6,17.26735359,17.24063198,60.56250663,JUG_NIL_PLY,ERA-JUG_ERA-NIL_ERA-PLY,ERA-NIL-7_ERA-JUG-6_ERA-PLY-6,NIL-7_JUG-6_PLY-6,0
TAG-2,TAG,2,101.8871626,36.89463698,-54.28216537,CIS_ETA_FOX_OFF_TUB,CIS-TAG_ETA-TAG_FOX-TAG_OFF-TAG_TAG-TUB,CIS-TAG-2_ETA-TAG-2_FOX-TAG-2_OFF-TAG-2_TAG-TUB-2,CIS-2_ETA-2_FOX-2_OFF-2_TUB-2,0
TUB-2,TUB,2,107.6198766,63.81006798,-42.85213937,DIG_GUN_SKY_TAG,DIG-TUB_GUN-TUB_SKY-TUB_TAG-TUB,DIG-TUB-2_GUN-TUB-2_SKY-TUB-2_TAG-TUB-2,DIG-2_GUN-2_SKY-2_TAG-2,0
ONO-9,ONO,9,-88.90182941,-62.98485202,-63.50000837,BAR_SIR_USE_TAT,BAR-ONO_ONO-SIR_ONO-USE_ONO-TAT,BAR-ONO-9_ONO-SIR-9_ONO-USE-9_ONO-TAT-9,BAR-9_SIR-9_USE-9_TAT-9,1
GUN-2,GUN,2,82.23037459,83.33962298,-50.55793937,ASK_FRO_JOY_SPY_TUB,ASK-GUN_FRO-GUN_GUN-JOY_GUN-SPY_GUN-TUB,FRO-GUN-1_GUN-JOY-1_GUN-SPY-1_ASK-GUN-2_GUN-TUB-2,FRO-1_JOY-1_SPY-1_ASK-2_TUB-2,0
ASH-12,ASH,12,-70.85630941,-36.11951702,49.93942863,ACT_ART_LAM_LAX,ACT-ASH_ART-ASH_ASH-LAM_ASH-LAX,ACT-ASH-12_ART-ASH-12_ASH-LAM-12_ASH-LAX-12,ACT-12_ART-12_LAM-12_LAX-12,0
WOW-10,WOW,9,-56.48277041,-131.871081,-17.25148337,COP_NEW_NOR_RUG,COP-WOW_NEW-WOW_NOR-WOW_RUG-WOW,COP-WOW-10_NEW-WOW-10_RUG-WOW-10_COP-WOW-9_NOR-WOW-9,COP-10_NEW-10_RUG-10_COP-9_NOR-9,0
TAR-11,TAR,8,68.02249859,-76.41374802,-8.592402372,KEG_LUG_WHY_YAY_WAS,KEG-TAR_LUG-TAR_TAR-WHY_TAR-YAY_TAR-WAS,KEG-TAR-11_LUG-TAR-11_TAR-WAS-11_KEG-TAR-8_LUG-TAR-8_TAR-WHY-8_TAR-YAY-8,KEG-11_LUG-11_WAS-11_KEG-8_LUG-8_WHY-8_YAY-8,0
NEW-10,NEW,10,-41.25973241,-135.328682,-42.06623437,COP_GET_HIP_WOW_USE,COP-NEW_GET-NEW_HIP-NEW_NEW-WOW_NEW-USE,COP-NEW-10_GET-NEW-10_HIP-NEW-10_NEW-WOW-10_NEW-USE-10,COP-10_GET-10_HIP-10_WOW-10_USE-9,1
BAR-9,BAR,9,-105.9669134,-31.27103202,-61.66566937,AGE_FLU_ONO,AGE-BAR_BAR-FLU_BAR-ONO,BAR-FLU-4_AGE-BAR-9_BAR-ONO-9,FLU-4_AGE-9_ONO-9,0
IRE-7,IRE,7,40.26749259,-0.069158017,66.84420363,AHI_EVE_MAC_RIB,AHI-IRE_EVE-IRE_IRE-MAC_IRE-RIB,EVE-IRE-14_IRE-RIB-14_AHI-IRE-7_IRE-MAC-7,EVE-14_RIB-14_AHI-7_MAC-7,0
BOA-5,BOA,5,-4.902155406,113.990935,32.01739663,REF_WAR_SHY_NAY_HOW,BOA-REF_BOA-WAR_BOA-SHY_BOA-NAY_BOA-HOW,BOA-REF-5_BOA-WAR-5_BOA-SHY-5_BOA-NAY-5_BOA-HOW-5,REF-5_WAR-5_SHY-5_NAY-5_HOW-5,0
AMP-10,AMP,8,51.99566359,-118.984127,-45.29832237,ROB_SEX_YAY_SAW_CAB,AMP-ROB_AMP-SEX_AMP-YAY_AMP-SAW_AMP-CAB,AMP-ROB-10_AMP-SEX-10_AMP-CAB-10_AMP-SEX-8_AMP-YAY-8_AMP-SAW-8,ROB-10_SEX-10_CAB-10_SEX-8_YAY-8_SAW-8,1
MAD-12,MAD,12,-97.55815141,-29.18252802,13.65649863,ART_BED_CHI_COY_ICE,ART-MAD_BED-MAD_CHI-MAD_COY-MAD_ICE-MAD,ART-MAD-12_BED-MAD-12_COY-MAD-12_CHI-MAD-9_ICE-MAD-6,ART-12_BED-12_COY-12_CHI-9_ICE-6,0
DOG-4,DOG,9,-110.6943414,-17.02691602,-35.28390337,AGE_BED_CHI_CUP_PAW,AGE-DOG_BED-DOG_CHI-DOG_CUP-DOG_DOG-PAW,BED-DOG-4_CUP-DOG-4_DOG-PAW-4_AGE-DOG-9_BED-DOG-9_CHI-DOG-9,BED-4_CUP-4_PAW-4_AGE-9_BED-9_CHI-9,0
KEG-11,KEG,8,83.77172959,-61.85164402,10.55548263,COW_ODD_TAR_WAS_LUG,COW-KEG_KEG-ODD_KEG-TAR_KEG-WAS_KEG-LUG,COW-KEG-11_KEG-ODD-11_KEG-TAR-11_KEG-WAS-11_KEG-LUG-11_KEG-TAR-8_KEG-LUG-8,COW-11_ODD-11_TAR-11_WAS-11_LUG-11_TAR-8_LUG-8,0
DOG-9,DOG,9,-109.3831304,-20.90173802,-35.81172137,AGE_BED_CHI_CUP_PAW,AGE-DOG_BED-DOG_CHI-DOG_CUP-DOG_DOG-PAW,BED-DOG-4_CUP-DOG-4_DOG-PAW-4_AGE-DOG-9_BED-DOG-9_CHI-DOG-9,BED-4_CUP-4_PAW-4_AGE-9_BED-9_CHI-9,0
WIG-9,WIG,9,-83.42824041,-103.036941,-20.98122137,ELK_KEY_USE,ELK-WIG_KEY-WIG_USE-WIG,ELK-WIG-9_KEY-WIG-9_USE-WIG-9,ELK-9_KEY-9_USE-9,0
LUG-11,LUG,8,87.02662859,-36.21138802,-5.755776372,IVY_JAR_KEG_TAR_TUX,IVY-LUG_JAR-LUG_KEG-LUG_LUG-TAR_LUG-TUX,KEG-LUG-11_LUG-TAR-11_JAR-LUG-8_KEG-LUG-8_LUG-TAR-8_LUG-TUX-8_IVY-LUG-7,KEG-11_TAR-11_JAR-8_KEG-8_TAR-8_TUX-8_IVY-7,0
ORC-2,ORC,2,101.1758146,38.13227498,-80.54947137,ASK_BOY_CIS_OFF,ASK-ORC_BOY-ORC_CIS-ORC_OFF-ORC,ASK-ORC-2_BOY-ORC-2_CIS-ORC-2_OFF-ORC-2,ASK-2_BOY-2_CIS-2_OFF-2,0
RUM-5,RUM,5,-19.97606541,133.05074,-26.66302937,INK_MAY_OIL_PIE_SIP,INK-RUM_MAY-RUM_OIL-RUM_PIE-RUM_RUM-SIP,INK-RUM-3_MAY-RUM-3_OIL-RUM-3_RUM-SIP-3_OIL-RUM-5_PIE-RUM-1,INK-3_MAY-3_OIL-3_SIP-3_OIL-5_PIE-1,1
WIZ-4,WIZ,4,-94.22729741,61.19367898,16.15277063,FLY_GIN_SAY_TAX_ZZZ,FLY-WIZ_GIN-WIZ_SAY-WIZ_TAX-WIZ_WIZ-ZZZ,GIN-WIZ-4_SAY-WIZ-4_TAX-WIZ-4_FLY-WIZ-5_WIZ-ZZZ-4,GIN-4_SAY-4_TAX-4_FLY-5_ZZZ-6,0
TOY-7,TOY,7,37.08808359,78.05762498,53.34773463,DUB_EON_JOB_NIL_WET,DUB-TOY_EON-TOY_JOB-TOY_NIL-TOY_TOY-WET,DUB-TOY-5_JOB-TOY-5_NIL-TOY-5_EON-TOY-7_NIL-TOY-7_TOY-WET-7,DUB-5_JOB-5_NIL-5_EON-7_NIL-7_WET-7,0
NIL-5,NIL,7,22.39774359,57.19140898,50.77433863,AHI_EON_ERA_TOY_YES,AHI-NIL_EON-NIL_ERA-NIL_NIL-TOY_NIL-YES,NIL-TOY-5_AHI-NIL-7_EON-NIL-7_ERA-NIL-7_NIL-TOY-7_NIL-YES-7,TOY-5_AHI-7_EON-7_ERA-7_TOY-7_YES-7,0
TOY-5,TOY,7,34.48611959,80.90008598,51.65415463,DUB_EON_JOB_NIL_WET,DUB-TOY_EON-TOY_JOB-TOY_NIL-TOY_TOY-WET,DUB-TOY-5_JOB-TOY-5_NIL-TOY-5_EON-TOY-7_NIL-TOY-7_TOY-WET-7,DUB-5_JOB-5_NIL-5_EON-7_NIL-7_WET-7,0
ADO-5,ADO,5,11.85316059,92.98717298,38.38084263,JOB_WAR_HOW_PLY,ADO-JOB_ADO-WAR_ADO-HOW_ADO-PLY,ADO-JOB-5_ADO-WAR-5_ADO-HOW-5_ADO-PLY-5,JOB-5_WAR-5_HOW-5_PLY-5,0
TUX-2,TUX,8,107.8582086,-11.23492602,-23.19177837,ETA_GAS_IVY_LUG,ETA-TUX_GAS-TUX_IVY-TUX_LUG-TUX,ETA-TUX-2_IVY-TUX-2_ETA-TUX-8_LUG-TUX-8_GAS-TUX-11,ETA-2_IVY-2_ETA-8_LUG-8_GAS-11,0
LAM-12,LAM,12,-49.51198841,-46.33818502,61.93299363,ASH_BUG_LAB_TRY,ASH-LAM_BUG-LAM_LAB-LAM_LAM-TRY,ASH-LAM-12_BUG-LAM-12_LAB-LAM-12_LAM-TRY-12,ASH-12_BUG-12_LAB-12_TRY-6,0
WET-7,WET,7,55.73786259,71.53245898,30.98683663,ARM_BRO_DUB_ELF_TOY,ARM-WET_BRO-WET_DUB-WET_ELF-WET_TOY-WET,ARM-WET-1_DUB-WET-1_ELF-WET-1_BRO-WET-7_TOY-WET-7,ARM-1_DUB-1_ELF-1_BRO-7_TOY-7,0
OVA-1,OVA,1,37.55681159,148.781207,-44.57590737,LEG_NIX_RAD_SPY,LEG-OVA_NIX-OVA_OVA-RAD_OVA-SPY,LEG-OVA-1_NIX-OVA-1_OVA-RAD-1_OVA-SPY-1,LEG-1_NIX-1_RAD-1_SPY-1,0
NIL-7,NIL,7,25.22632359,54.72796798,52.16379663,AHI_EON_ERA_TOY_YES,AHI-NIL_EON-NIL_ERA-NIL_NIL-TOY_NIL-YES,NIL-TOY-5_AHI-NIL-7_EON-NIL-7_ERA-NIL-7_NIL-TOY-7_NIL-YES-7,TOY-5_AHI-7_EON-7_ERA-7_TOY-7_YES-7,0
WET-1,WET,7,54.51494159,76.25100098,26.61509863,ARM_BRO_DUB_ELF_TOY,ARM-WET_BRO-WET_DUB-WET_ELF-WET_TOY-WET,ARM-WET-1_DUB-WET-1_ELF-WET-1_BRO-WET-7_TOY-WET-7,ARM-1_DUB-1_ELF-1_BRO-7_TOY-7,0
POP-7,POP,7,80.11344359,20.84592298,39.43647463,ACE_EON_EYE_FIX,ACE-POP_EON-POP_EYE-POP_FIX-POP,ACE-POP-7_EON-POP-7_EYE-POP-7_FIX-POP-7,ACE-7_EON-7_EYE-7_FIX-7,0
LAX-12,LAX,6,-77.21039241,-16.97610502,26.33721463,ASH_BUG_GIN_NAN,ASH-LAX_BUG-LAX_GIN-LAX_LAX-NAN,ASH-LAX-12_BUG-LAX-12_GIN-LAX-6_LAX-NAN-6,ASH-12_BUG-12_GIN-6_NAN-6,0
GEL-10,GEL,10,53.08506359,-136.052756,7.895627628,DAD_PHI_ROB_MOO,DAD-GEL_GEL-PHI_GEL-ROB_GEL-MOO,DAD-GEL-10_GEL-ROB-10_GEL-MOO-10_GEL-PHI-10,DAD-10_ROB-10_MOO-10_PHI-8,0
PAW-4,PAW,4,-113.3547044,18.42387798,-36.97350437,DAY_DOG_GYM_SAY_ZIG,DAY-PAW_DOG-PAW_GYM-PAW_PAW-SAY_PAW-ZIG,DAY-PAW-4_DOG-PAW-4_GYM-PAW-4_PAW-SAY-4_PAW-ZIG-4,DAY-4_DOG-4_GYM-4_SAY-4_ZIG-4,0
ACE-7,ACE,7,82.95430959,41.79066798,19.02546163,BRO_DUI_YES_POP_HIT,ACE-BRO_ACE-DUI_ACE-YES_ACE-POP_ACE-HIT,ACE-BRO-7_ACE-YES-7_ACE-POP-7_ACE-HIT-7_ACE-DUI-7,BRO-7_YES-7_POP-7_HIT-7_DUI-2,0
JUG-6,JUG,6,-5.433488406,37.92189098,71.05300363,AHI_ERA_JOB_RIB,AHI-JUG_ERA-JUG_JOB-JUG_JUG-RIB,JOB-JUG-5_ERA-JUG-6_JUG-RIB-6_AHI-JUG-7,JOB-5_ERA-6_RIB-6_AHI-7,0
PLY-5,PLY,6,-22.25168941,55.30934898,47.80186763,ADO_ERA_SOY_REF,ADO-PLY_ERA-PLY_PLY-SOY_PLY-REF,ADO-PLY-5_PLY-REF-5_ERA-PLY-6_PLY-SOY-6,ADO-5_REF-5_ERA-6_SOY-6,0
OLD-14,OLD,14,-0.811181406,-60.86001002,71.98093063,EVE_FOG_HOT_LAB_LIE,EVE-OLD_FOG-OLD_HOT-OLD_LAB-OLD_LIE-OLD,HOT-OLD-13_LAB-OLD-13_LIE-OLD-13_EVE-OLD-14_FOG-OLD-14_LIE-OLD-14,HOT-13_LAB-13_LIE-13_EVE-14_FOG-14_LIE-14,0
GIN-4,GIN,6,-89.79028241,31.51131598,13.93948363,DAY_WIZ_LAX_TAX_ICE,DAY-GIN_GIN-WIZ_GIN-LAX_GIN-TAX_GIN-ICE,DAY-GIN-4_GIN-WIZ-4_GIN-TAX-4_GIN-ICE-4_GIN-LAX-6_GIN-ICE-6,DAY-4_WIZ-4_TAX-4_ICE-4_LAX-6_ICE-6,0
GIN-6,GIN,6,-90.01991741,31.45906698,17.70368663,DAY_WIZ_LAX_TAX_ICE,DAY-GIN_GIN-WIZ_GIN-LAX_GIN-TAX_GIN-ICE,DAY-GIN-4_GIN-WIZ-4_GIN-TAX-4_GIN-ICE-4_GIN-LAX-6_GIN-ICE-6,DAY-4_WIZ-4_TAX-4_ICE-4_LAX-6_ICE-6,0
DRY-5,DRY,5,-56.95802341,99.52146798,25.78648963,VOW_REF_SHY_FLY_FUN,DRY-VOW_DRY-REF_DRY-SHY_DRY-FLY_DRY-FUN,DRY-VOW-5_DRY-REF-5_DRY-SHY-5_DRY-FLY-5_DRY-FUN-5,VOW-5_REF-5_SHY-5_FLY-5_FUN-5,0
LID-3,LID,3,-75.29686741,66.12933398,-99.65481637,AIM_BOX_EGO_HUG_WAX,AIM-LID_BOX-LID_EGO-LID_HUG-LID_LID-WAX,AIM-LID-3_EGO-LID-3_LID-WAX-3_BOX-LID-4_HUG-LID-4,AIM-3_EGO-3_WAX-3_BOX-4_HUG-4,1
WOW-9,WOW,9,-59.45124641,-124.594124,-20.00325837,COP_NEW_NOR_RUG,COP-WOW_NEW-WOW_NOR-WOW_RUG-WOW,COP-WOW-10_NEW-WOW-10_RUG-WOW-10_COP-WOW-9_NOR-WOW-9,COP-10_NEW-10_RUG-10_COP-9_NOR-9,0
REF-5,REF,5,-28.63881841,97.75430098,25.92900463,BOA_DRY_FUN_PLY_VOW,BOA-REF_DRY-REF_FUN-REF_PLY-REF_REF-VOW,BOA-REF-5_DRY-REF-5_FUN-REF-5_PLY-REF-5_REF-VOW-5,BOA-5_DRY-5_FUN-5_PLY-5_VOW-5,0
PIG-10,PIG,13,6.241364594,-121.224164,32.61002663,EGG_GOO_HOT_LIE_MOO,EGG-PIG_GOO-PIG_HOT-PIG_LIE-PIG_MOO-PIG,EGG-PIG-10_GOO-PIG-10_MOO-PIG-10_GOO-PIG-13_HOT-PIG-13_LIE-PIG-13,EGG-10_GOO-10_MOO-10_GOO-13_HOT-13_LIE-13,0
JAM-11,JAM,13,31.93390459,-102.456159,48.95968163,HOT_ZOO_MOO,HOT-JAM_JAM-ZOO_JAM-MOO,JAM-ZOO-11_HOT-JAM-13_JAM-MOO-13,ZOO-11_HOT-13_MOO-10,0
SAD-10,SAD,10,-46.30678341,-142.987594,11.08167163,ALL_GOO_HIP_KEY_RUG,ALL-SAD_GOO-SAD_HIP-SAD_KEY-SAD_RUG-SAD,ALL-SAD-10_GOO-SAD-10_HIP-SAD-10_RUG-SAD-10_KEY-SAD-9,ALL-10_GOO-10_HIP-10_RUG-10_KEY-9,0
SHY-5,SHY,5,-28.92061941,125.976734,7.891281628,BOA_DRY_INK_OIL,BOA-SHY_DRY-SHY_INK-SHY_OIL-SHY,BOA-SHY-5_DRY-SHY-5_OIL-SHY-5_INK-SHY-3,BOA-5_DRY-5_OIL-5_INK-3,0
KEY-9,KEY,9,-69.64055541,-117.391416,7.820439628,FIG_NOR_SAD_WIG,FIG-KEY_KEY-NOR_KEY-SAD_KEY-WIG,FIG-KEY-12_KEY-NOR-12_KEY-NOR-9_KEY-WIG-9_KEY-SAD-9,FIG-12_NOR-12_NOR-9_WIG-9_SAD-10,0
KIT-9,KIT,9,-93.70142841,-68.56138902,-19.98796437,AGE_ART_CHI_ELK,AGE-KIT_ART-KIT_CHI-KIT_ELK-KIT,AGE-KIT-9_CHI-KIT-9_ELK-KIT-9_ART-KIT-12,AGE-9_CHI-9_ELK-9_ART-12,0
IVY-2,IVY,7,94.59196259,13.11335398,-16.07717937,DUI_EYE_FOX_TUX_LUG,DUI-IVY_EYE-IVY_FOX-IVY_IVY-TUX_IVY-LUG,DUI-IVY-2_FOX-IVY-2_IVY-TUX-2_EYE-IVY-7_IVY-LUG-7,DUI-2_FOX-2_TUX-2_EYE-7_LUG-8,0
BOX-4,BOX,4,-102.3783024,45.64410998,-89.24967437,HUG_LID_EGO_VAN,BOX-HUG_BOX-LID_BOX-EGO_BOX-VAN,BOX-HUG-4_BOX-VAN-4_BOX-LID-4_BOX-EGO-4,HUG-4_VAN-4_LID-3_EGO-3,1
MAY-3,MAY,3,-42.89736841,147.070363,-46.28103337,GUT_HEX_INK_RUM_SIP,GUT-MAY_HEX-MAY_INK-MAY_MAY-RUM_MAY-SIP,GUT-MAY-3_HEX-MAY-3_INK-MAY-3_MAY-RUM-3_MAY-SIP-3,GUT-3_HEX-3_INK-3_RUM-3_SIP-3,0
FOR-10,FOR,10,-1.859306406,-159.398511,-11.69254437,DAD_EGG_OAK_RUG_HIP,DAD-FOR_EGG-FOR_FOR-OAK_FOR-RUG_FOR-HIP,DAD-FOR-10_EGG-FOR-10_FOR-OAK-10_FOR-RUG-10_FOR-HIP-10,DAD-10_EGG-10_OAK-10_RUG-10_HIP-10,0
ODD-11,ODD,11,85.97783059,-36.78945902,22.52835163,AIR_FIX_GAS_KEG,AIR-ODD_FIX-ODD_GAS-ODD_KEG-ODD,AIR-ODD-11_FIX-ODD-11_GAS-ODD-11_KEG-ODD-11,AIR-11_FIX-11_GAS-11_KEG-11,0
EVE-14,EVE,14,30.91119559,-41.28148002,69.58921863,LAW_FAX_OLD_GIG_IRE,EVE-LAW_EVE-FAX_EVE-OLD_EVE-GIG_EVE-IRE,EVE-LAW-14_EVE-OLD-14_EVE-GIG-14_EVE-IRE-14_EVE-FAX-14,LAW-14_OLD-14_GIG-14_IRE-14_FAX-11,0
OAR-3,OAR,3,-102.5536564,87.41918798,-42.43610337,AGO_EGO_FLY_GYM_MIX,AGO-OAR_EGO-OAR_FLY-OAR_GYM-OAR_MIX-OAR,AGO-OAR-3_EGO-OAR-3_FLY-OAR-3_GYM-OAR-3_MIX-OAR-3,AGO-3_EGO-3_FLY-3_GYM-3_MIX-3,0
JAR-8,JAR,8,84.01051459,-54.19003002,-46.44022937,WIN_PAY_LUG,JAR-WIN_JAR-PAY_JAR-LUG,JAR-WIN-8_JAR-PAY-8_JAR-LUG-8,WIN-8_PAY-8_LUG-8,0
AGO-3,AGO,3,-77.59085641,99.85877998,-32.02837637,ALA_OAR_TAX_MOM_FLY,AGO-ALA_AGO-OAR_AGO-TAX_AGO-MOM_AGO-FLY,AGO-ALA-3_AGO-OAR-3_AGO-TAX-3_AGO-MOM-3_AGO-FLY-3,ALA-3_OAR-3_TAX-3_MOM-3_FLY-3,0
ETA-2,ETA,8,97.82119359,-10.49737002,-50.66639537,BAM_BOY_TUX_FOX_TAG,BAM-ETA_BOY-ETA_ETA-TUX_ETA-FOX_ETA-TAG,BOY-ETA-2_ETA-TUX-2_ETA-FOX-2_ETA-TAG-2_BAM-ETA-8_ETA-TUX-8,BOY-2_TUX-2_FOX-2_TAG-2_BAM-8_TUX-8,0
GAS-11,GAS,11,98.01878059,-13.78822502,8.027349628,EYE_ODD_TUX,EYE-GAS_GAS-ODD_GAS-TUX,GAS-ODD-11_EYE-GAS-7_GAS-TUX-11,ODD-11_EYE-7_TUX-8,0
GUT-3,GUT,3,-58.81736041,125.501099,-49.45211537,ALA_MAY_MOM,ALA-GUT_GUT-MAY_GUT-MOM,ALA-GUT-3_GUT-MAY-3_GUT-MOM-3,ALA-3_MAY-3_MOM-3,0
DAD-10,DAD,10,25.22672259,-147.27426,0.517395628,GEL_FOR_ROB_MOO,DAD-GEL_DAD-FOR_DAD-ROB_DAD-MOO,DAD-GEL-10_DAD-FOR-10_DAD-ROB-10_DAD-MOO-10,GEL-10_FOR-10_ROB-10_MOO-10,0
PLY-6,PLY,6,-25.05522041,53.31458298,49.84175063,ADO_ERA_SOY_REF,ADO-PLY_ERA-PLY_PLY-SOY_PLY-REF,ADO-PLY-5_PLY-REF-5_ERA-PLY-6_PLY-SOY-6,ADO-5_REF-5_ERA-6_SOY-6,0
GIG-11,GIG,14,47.13816959,-23.18064902,50.88486063,AIR_COW_EVE_FAX_YES,AIR-GIG_COW-GIG_EVE-GIG_FAX-GIG_GIG-YES,AIR-GIG-11_COW-GIG-11_FAX-GIG-11_EVE-GIG-14_GIG-YES-14,AIR-11_COW-11_FAX-11_EVE-14_YES-7,0
BAM-8,BAM,8,73.08419059,-39.61716802,-83.34339637,BAH_YAY_HAY_ETA_CIS_WIN,BAH-BAM_BAM-YAY_BAM-HAY_BAM-ETA_BAM-CIS_BAM-WIN,BAH-BAM-8_BAM-YAY-8_BAM-HAY-8_BAM-ETA-8_BAM-WIN-8_BAM-CIS-8,BAH-8_YAY-8_HAY-8_ETA-8_WIN-8_CIS-2,1
NOM-7,NOM,2,76.18738459,86.59016998,-4.606762372,BIO_DIG_ELF,BIO-NOM_DIG-NOM_ELF-NOM,BIO-NOM-1_ELF-NOM-1_DIG-NOM-2,BIO-1_ELF-1_DIG-2,0
WAS-11,WAS,11,71.74941359,-81.86690602,19.97496263,EAR_KEG_PHI_TAR_ZOO,EAR-WAS_KEG-WAS_PHI-WAS_TAR-WAS_WAS-ZOO,EAR-WAS-11_KEG-WAS-11_PHI-WAS-11_TAR-WAS-11_WAS-ZOO-11,EAR-11_KEG-11_PHI-11_TAR-11_ZOO-11,0
GIG-14,GIG,14,41.95506859,-21.83033602,51.21567163,AIR_COW_EVE_FAX_YES,AIR-GIG_COW-GIG_EVE-GIG_FAX-GIG_GIG-YES,AIR-GIG-11_COW-GIG-11_FAX-GIG-11_EVE-GIG-14_GIG-YES-14,AIR-11_COW-11_FAX-11_EVE-14_YES-7,0
NOM-2,NOM,2,76.73077159,86.61888398,-8.750120372,BIO_DIG_ELF,BIO-NOM_DIG-NOM_ELF-NOM,BIO-NOM-1_ELF-NOM-1_DIG-NOM-2,BIO-1_ELF-1_DIG-2,0
TUX-8,TUX,8,108.4933236,-15.46935902,-22.75135137,ETA_GAS_IVY_LUG,ETA-TUX_GAS-TUX_IVY-TUX_LUG-TUX,ETA-TUX-2_IVY-TUX-2_ETA-TUX-8_LUG-TUX-8_GAS-TUX-11,ETA-2_IVY-2_ETA-8_LUG-8_GAS-11,0
PHI-8,PHI,8,73.86403559,-101.253142,1.910047628,GEL_WAS_SEX_SAW,GEL-PHI_PHI-WAS_PHI-SEX_PHI-SAW,PHI-WAS-11_PHI-SEX-8_PHI-SAW-8_GEL-PHI-10,WAS-11_SEX-8_SAW-8_GEL-10,0
COP-10,COP,9,-39.98823741,-109.145583,-42.28678237,WOW_USE_NEW_TAT_GET,COP-WOW_COP-USE_COP-NEW_COP-TAT_COP-GET,COP-WOW-10_COP-NEW-10_COP-GET-10_COP-WOW-9_COP-USE-9_COP-TAT-9,WOW-10_NEW-10_GET-10_WOW-9_USE-9_TAT-9,1
ALL-10,ALL,10,-21.26114741,-138.6957,32.20581763,PRO_EGG_SAD_RUG,ALL-PRO_ALL-EGG_ALL-SAD_ALL-RUG,ALL-EGG-10_ALL-SAD-10_ALL-RUG-10_ALL-PRO-10,EGG-10_SAD-10_RUG-10_PRO-13,0
SUN-7,SUN,7,104.1034676,36.32947298,1.262630628,DUI_EYE_HIT_SKY,DUI-SUN_EYE-SUN_HIT-SUN_SKY-SUN,DUI-SUN-2_HIT-SUN-2_SKY-SUN-2_EYE-SUN-7_HIT-SUN-7,DUI-2_HIT-2_SKY-2_EYE-7_HIT-7,0
LUG-8,LUG,8,89.76299359,-35.23578102,-8.809875372,IVY_JAR_KEG_TAR_TUX,IVY-LUG_JAR-LUG_KEG-LUG_LUG-TAR_LUG-TUX,KEG-LUG-11_LUG-TAR-11_JAR-LUG-8_KEG-LUG-8_LUG-TAR-8_LUG-TUX-8_IVY-LUG-7,KEG-11_TAR-11_JAR-8_KEG-8_TAR-8_TUX-8_IVY-7,0
JUG-5,JUG,6,-2.629957406,39.91665698,69.01312063,AHI_ERA_JOB_RIB,AHI-JUG_ERA-JUG_JOB-JUG_JUG-RIB,JOB-JUG-5_ERA-JUG-6_JUG-RIB-6_AHI-JUG-7,JOB-5_ERA-6_RIB-6_AHI-7,0
SUN-2,SUN,7,105.0021466,37.50039698,-2.583674372,DUI_EYE_HIT_SKY,DUI-SUN_EYE-SUN_HIT-SUN_SKY-SUN,DUI-SUN-2_HIT-SUN-2_SKY-SUN-2_EYE-SUN-7_HIT-SUN-7,DUI-2_HIT-2_SKY-2_EYE-7_HIT-7,0
ARM-1,ARM,1,65.19910059,101.295225,14.24669263,BRO_BIO_WET_DUB,ARM-BRO_ARM-BIO_ARM-WET_ARM-DUB,ARM-BIO-1_ARM-WET-1_ARM-DUB-1_ARM-BRO-1,BIO-1_WET-1_DUB-1_BRO-7,0
SIP-3,SIP,3,-28.66803741,143.011165,-69.18081237,HEX_MAY_RUM_WAX,HEX-SIP_MAY-SIP_RUM-SIP_SIP-WAX,HEX-SIP-3_MAY-SIP-3_RUM-SIP-3_SIP-WAX-3,HEX-3_MAY-3_RUM-3_WAX-3,1
SKY-2,SKY,2,112.3883416,35.23947098,-28.36083737,DUI_FOX_SUN_TUB,DUI-SKY_FOX-SKY_SKY-SUN_SKY-TUB,DUI-SKY-2_FOX-SKY-2_SKY-SUN-2_SKY-TUB-2,DUI-2_FOX-2_SUN-2_TUB-2,0
HIT-7,HIT,7,96.86061759,65.50574698,4.395899628,ACE_BRO_DIG_DUI_SUN,ACE-HIT_BRO-HIT_DIG-HIT_DUI-HIT_HIT-SUN,DIG-HIT-2_DUI-HIT-2_HIT-SUN-2_ACE-HIT-7_BRO-HIT-7_HIT-SUN-7,DIG-2_DUI-2_SUN-2_ACE-7_BRO-7_SUN-7,0
COP-9,COP,9,-42.95671341,-101.868626,-45.03855737,WOW_USE_NEW_TAT_GET,COP-WOW_COP-USE_COP-NEW_COP-TAT_COP-GET,COP-WOW-10_COP-NEW-10_COP-GET-10_COP-WOW-9_COP-USE-9_COP-TAT-9,WOW-10_NEW-10_GET-10_WOW-9_USE-9_TAT-9,1
OIL-5,OIL,5,-55.28968041,101.814954,-2.314150372,INK_VOW_RUM_SHY,INK-OIL_OIL-VOW_OIL-RUM_OIL-SHY,INK-OIL-3_OIL-RUM-3_OIL-VOW-5_OIL-RUM-5_OIL-SHY-5,INK-3_RUM-3_VOW-5_RUM-5_SHY-5,0
HIT-2,HIT,7,97.67347859,66.47715898,0.875633628,ACE_BRO_DIG_DUI_SUN,ACE-HIT_BRO-HIT_DIG-HIT_DUI-HIT_HIT-SUN,DIG-HIT-2_DUI-HIT-2_HIT-SUN-2_ACE-HIT-7_BRO-HIT-7_HIT-SUN-7,DIG-2_DUI-2_SUN-2_ACE-7_BRO-7_SUN-7,0
